<?xml version="1.0" encoding="UTF-8"?><?xml-stylesheet type='text/xsl' href='_UpgradeReport_Files/UpgradeReport.xslt'?><UpgradeLog>
<Properties><Property Name="Solution" Value="Insert_Script_Generator_V1">
</Property><Property Name="Solution File" Value="C:\Users\hsrivas1\Desktop\UHONE-2.0\Tools\Insert_Script_Generator_V5\Insert_Script_Generator_V1.sln">
</Property><Property Name="User Options File" Value="C:\Users\hsrivas1\Desktop\UHONE-2.0\Tools\Insert_Script_Generator_V5\Insert_Script_Generator_V1.suo">
</Property><Property Name="Date" Value="Wednesday, September 08, 2021">
</Property><Property Name="Time" Value="11:23 AM">
</Property></Properties><Event ErrorLevel="0" Project="" Source="Insert_Script_Generator_V1.sln" Description="File successfully backed up as C:\Users\hsrivas1\Desktop\UHONE-2.0\Tools\Insert_Script_Generator_V5\Backup1\Insert_Script_Generator_V1.sln">
</Event><Event ErrorLevel="0" Project="" Source="Insert_Script_Generator_V1.suo" Description="File successfully backed up as C:\Users\hsrivas1\Desktop\UHONE-2.0\Tools\Insert_Script_Generator_V5\Backup1\Insert_Script_Generator_V1.suo">
</Event><Event ErrorLevel="0" Project="Insert_Script_Generator_V1" Source="Insert_Script_Generator_V1\Insert_Script_Generator_V1.csproj" Description="Project file successfully backed up as C:\Users\hsrivas1\Desktop\UHONE-2.0\Tools\Insert_Script_Generator_V5\Backup1\Insert_Script_Generator_V1\Insert_Script_Generator_V1.csproj">
</Event><Event ErrorLevel="0" Project="Insert_Script_Generator_V1" Source="Insert_Script_Generator_V1\Insert_Script_Generator_V1.csproj.user" Description="Project user file successfully backed up as C:\Users\hsrivas1\Desktop\UHONE-2.0\Tools\Insert_Script_Generator_V5\Backup1\Insert_Script_Generator_V1\Insert_Script_Generator_V1.csproj.user">
</Event><Event ErrorLevel="0" Project="Insert_Script_Generator_V1" Source="Insert_Script_Generator_V1\Form1.cs" Description="File successfully backed up as C:\Users\hsrivas1\Desktop\UHONE-2.0\Tools\Insert_Script_Generator_V5\Backup1\Insert_Script_Generator_V1\Form1.cs">
</Event><Event ErrorLevel="0" Project="Insert_Script_Generator_V1" Source="Insert_Script_Generator_V1\Form1.Designer.cs" Description="File successfully backed up as C:\Users\hsrivas1\Desktop\UHONE-2.0\Tools\Insert_Script_Generator_V5\Backup1\Insert_Script_Generator_V1\Form1.Designer.cs">
</Event><Event ErrorLevel="0" Project="Insert_Script_Generator_V1" Source="Insert_Script_Generator_V1\Form2.cs" Description="File successfully backed up as C:\Users\hsrivas1\Desktop\UHONE-2.0\Tools\Insert_Script_Generator_V5\Backup1\Insert_Script_Generator_V1\Form2.cs">
</Event><Event ErrorLevel="0" Project="Insert_Script_Generator_V1" Source="Insert_Script_Generator_V1\Form2.Designer.cs" Description="File successfully backed up as C:\Users\hsrivas1\Desktop\UHONE-2.0\Tools\Insert_Script_Generator_V5\Backup1\Insert_Script_Generator_V1\Form2.Designer.cs">
</Event><Event ErrorLevel="0" Project="Insert_Script_Generator_V1" Source="Insert_Script_Generator_V1\Program.cs" Description="File successfully backed up as C:\Users\hsrivas1\Desktop\UHONE-2.0\Tools\Insert_Script_Generator_V5\Backup1\Insert_Script_Generator_V1\Program.cs">
</Event><Event ErrorLevel="0" Project="Insert_Script_Generator_V1" Source="Insert_Script_Generator_V1\Properties\AssemblyInfo.cs" Description="File successfully backed up as C:\Users\hsrivas1\Desktop\UHONE-2.0\Tools\Insert_Script_Generator_V5\Backup1\Insert_Script_Generator_V1\Properties\AssemblyInfo.cs">
</Event><Event ErrorLevel="0" Project="Insert_Script_Generator_V1" Source="Insert_Script_Generator_V1\Properties\Resources.Designer.cs" Description="File successfully backed up as C:\Users\hsrivas1\Desktop\UHONE-2.0\Tools\Insert_Script_Generator_V5\Backup1\Insert_Script_Generator_V1\Properties\Resources.Designer.cs">
</Event><Event ErrorLevel="0" Project="Insert_Script_Generator_V1" Source="Insert_Script_Generator_V1\Properties\Settings.Designer.cs" Description="File successfully backed up as C:\Users\hsrivas1\Desktop\UHONE-2.0\Tools\Insert_Script_Generator_V5\Backup1\Insert_Script_Generator_V1\Properties\Settings.Designer.cs">
</Event><Event ErrorLevel="0" Project="Insert_Script_Generator_V1" Source="Insert_Script_Generator_V1\app.config" Description="File successfully backed up as C:\Users\hsrivas1\Desktop\UHONE-2.0\Tools\Insert_Script_Generator_V5\Backup1\Insert_Script_Generator_V1\app.config">
</Event><Event ErrorLevel="0" Project="Insert_Script_Generator_V1" Source="Insert_Script_Generator_V1\Insert_Script_Generator_V1_TemporaryKey.pfx" Description="File successfully backed up as C:\Users\hsrivas1\Desktop\UHONE-2.0\Tools\Insert_Script_Generator_V5\Backup1\Insert_Script_Generator_V1\Insert_Script_Generator_V1_TemporaryKey.pfx">
</Event><Event ErrorLevel="0" Project="Insert_Script_Generator_V1" Source="Insert_Script_Generator_V1\Properties\Settings.settings" Description="File successfully backed up as C:\Users\hsrivas1\Desktop\UHONE-2.0\Tools\Insert_Script_Generator_V5\Backup1\Insert_Script_Generator_V1\Properties\Settings.settings">
</Event><Event ErrorLevel="0" Project="Insert_Script_Generator_V1" Source="Insert_Script_Generator_V1\imprim_off.ico" Description="File successfully backed up as C:\Users\hsrivas1\Desktop\UHONE-2.0\Tools\Insert_Script_Generator_V5\Backup1\Insert_Script_Generator_V1\imprim_off.ico">
</Event><Event ErrorLevel="0" Project="Insert_Script_Generator_V1" Source="Insert_Script_Generator_V1\Form1.resx" Description="File successfully backed up as C:\Users\hsrivas1\Desktop\UHONE-2.0\Tools\Insert_Script_Generator_V5\Backup1\Insert_Script_Generator_V1\Form1.resx">
</Event><Event ErrorLevel="0" Project="Insert_Script_Generator_V1" Source="Insert_Script_Generator_V1\Form2.resx" Description="File successfully backed up as C:\Users\hsrivas1\Desktop\UHONE-2.0\Tools\Insert_Script_Generator_V5\Backup1\Insert_Script_Generator_V1\Form2.resx">
</Event><Event ErrorLevel="0" Project="Insert_Script_Generator_V1" Source="Insert_Script_Generator_V1\Properties\Resources.resx" Description="File successfully backed up as C:\Users\hsrivas1\Desktop\UHONE-2.0\Tools\Insert_Script_Generator_V5\Backup1\Insert_Script_Generator_V1\Properties\Resources.resx">
</Event><Event ErrorLevel="0" Project="Insert_Script_Generator_V1" Source="Insert_Script_Generator_V1\Insert_Script_Generator_V1.csproj" Description="Project converted successfully">
</Event><Event ErrorLevel="3" Project="Insert_Script_Generator_V1" Source="Insert_Script_Generator_V1\Insert_Script_Generator_V1.csproj" Description="Converted">
</Event><Event ErrorLevel="0" Project="" Source="Insert_Script_Generator_V1.sln" Description="Solution converted successfully">
</Event><Event ErrorLevel="3" Project="" Source="Insert_Script_Generator_V1.sln" Description="Converted">
</Event></UpgradeLog>